id,title,description,availability,condition,price,link,image_link,brand
317002-bermuda-maria-sol,317002 - BERMUDA MARIA SOL,Bermuda com bordado na lateral,in stock,new,228.00 BRL,https://mariasetal.com/317002-bermuda-maria-sol,https://cdn.zyrosite.com/cdn-ecommerce/store_01KN06ASZGYJV6M41ASZJ5XQ08/assets/92211685-6b75-4af5-9a73-cd6d20e1de40.jpg,Marias & Tal
317003-saia-maria-isadora,317003 - SAIA MARIA ISADORA,Saia longa com pala em lastex,in stock,new,306.00 BRL,https://mariasetal.com/317003-saia-maria-isadora,https://cdn.zyrosite.com/cdn-ecommerce/store_01KN06ASZGYJV6M41ASZJ5XQ08/assets/aac38bbb-2ebd-4f60-b89c-aa4c89903914.jpg,Marias & Tal
317006-camisa-maria-edith-,317006 - CAMISA MARIA EDITH ,Camisa manga longa com bordado branco,in stock,new,372.00 BRL,https://mariasetal.com/317006-camisa-maria-edith-,https://cdn.zyrosite.com/cdn-ecommerce/store_01KN06ASZGYJV6M41ASZJ5XQ08/assets/7b6f86e2-b6e1-4bbe-a730-d75d5c86cebd.jpg,Marias & Tal
317007-vestido-ivy-maria,317007 - VESTIDO IVY MARIA,Sobre essa peça: Composição: 100% viscolinho. Descrição: Vestido alcinhas fininhas em tecido leve com frufru nos babados.,in stock,new,396.00 BRL,https://mariasetal.com/317007-vestido-ivy-maria,https://cdn.zyrosite.com/cdn-ecommerce/store_01KN06ASZGYJV6M41ASZJ5XQ08/assets/0a69e4e0-8442-413d-aaac-e8091e5a1f90.jpg,Marias & Tal
317011-top-yolanda-maria,317011 - TOP YOLANDA MARIA,Top com busto torcido em tecido xadrez pink,in stock,new,54.00 BRL,https://mariasetal.com/317011-top-yolanda-maria,https://cdn.zyrosite.com/cdn-ecommerce/store_01KN06ASZGYJV6M41ASZJ5XQ08/assets/8b560343-8fde-4464-8673-8aed253cbbd3.jpg,Marias & Tal
317012-calca-maria-barbara,317012 - CALÇA MARIA BARBARA,Calça reta em tecido xadrez pink,in stock,new,149.00 BRL,https://mariasetal.com/317012-calca-maria-barbara,https://cdn.zyrosite.com/cdn-ecommerce/store_01KN06ASZGYJV6M41ASZJ5XQ08/assets/d7d15f39-7340-4fa3-8b57-1f431319684c.jpg,Marias & Tal
317014-camisa-maria-monica,317014 -  CAMISA MARIA MONICA,100% ALGODÃO,in stock,new,282.90 BRL,https://mariasetal.com/317014-camisa-maria-monica,https://cdn.zyrosite.com/cdn-ecommerce/store_01KN06ASZGYJV6M41ASZJ5XQ08/assets/942e65ed-2b79-4403-9c10-835317bb2134.jpg,Marias & Tal
317015-conjunto-maria-emma-,317015 - CONJUNTO MARIA EMMA ,Conjunto de camisa com manga curta e calça com detalhes em bordado branco,in stock,new,219.00 BRL,https://mariasetal.com/317015-conjunto-maria-emma-,https://cdn.zyrosite.com/cdn-ecommerce/store_01KN06ASZGYJV6M41ASZJ5XQ08/assets/90d187eb-68fd-4925-86d7-3e5843a35b3b.jpg,Marias & Tal
317017-vestido-maria-ivete,317017 - VESTIDO MARIA IVETE,Vestido midi de alças com detalhe vazado,in stock,new,210.00 BRL,https://mariasetal.com/317017-vestido-maria-ivete,https://cdn.zyrosite.com/cdn-ecommerce/store_01KN06ASZGYJV6M41ASZJ5XQ08/assets/9dc32dc9-58b4-4bf6-945c-83c13cad4495.jpg,Marias & Tal
317021-camisa-maria-claudia,317021 - CAMISA MARIA CLÁUDIA,Camisa estampada com elástico na manga,in stock,new,195.00 BRL,https://mariasetal.com/317021-camisa-maria-claudia,https://cdn.zyrosite.com/cdn-ecommerce/store_01KN06ASZGYJV6M41ASZJ5XQ08/assets/60017ec2-4520-460f-8b13-bbe7475ee3ab.jpg,Marias & Tal
317022-bermuda-maria-lucy,317022 - BERMUDA MARIA LUCY,Bermuda estampada com bolso faca,in stock,new,192.00 BRL,https://mariasetal.com/317022-bermuda-maria-lucy,https://cdn.zyrosite.com/cdn-ecommerce/store_01KN06ASZGYJV6M41ASZJ5XQ08/assets/aa53d44a-eaba-43c3-adf0-34784b511365.jpg,Marias & Tal
317023-cropped-carla-maria,317023 - CROPPED CARLA MARIA,Top de alça estampado com botões nas costas,in stock,new,99.00 BRL,https://mariasetal.com/317023-cropped-carla-maria,https://cdn.zyrosite.com/cdn-ecommerce/store_01KN06ASZGYJV6M41ASZJ5XQ08/assets/011a2922-92bd-473f-aace-fdb4a153e502.jpg,Marias & Tal
317025-vestido-alicia-,317025 - VESTIDO ALÍCIA ,"Sobre essa peça: Composição: 98% viscose, 2% poliéster. Forro: 100% Poliéster. Descrição: Vestido midi frente única bordado flore em tecido algodão listras fininhas.",in stock,new,456.00 BRL,https://mariasetal.com/317025-vestido-alicia-,https://cdn.zyrosite.com/cdn-ecommerce/store_01KN06ASZGYJV6M41ASZJ5XQ08/assets/4e6f985e-5d1c-4f9a-8f1f-896475d68d33.png,Marias & Tal
317031-calca-maria-ivana,317031 - CALÇA MARIA IVANA,Calça capri com detalhes na lateral,in stock,new,204.00 BRL,https://mariasetal.com/317031-calca-maria-ivana,https://cdn.zyrosite.com/cdn-ecommerce/store_01KN06ASZGYJV6M41ASZJ5XQ08/assets/dc34ef3c-50cd-4f48-a25e-a28d29a4f966.jpg,Marias & Tal
317033-vestido-maria-zoe,317033 - VESTIDO MARIA ZOE,Vestido longo com detalhe e alça de sianinhas,in stock,new,327.00 BRL,https://mariasetal.com/317033-vestido-maria-zoe,https://cdn.zyrosite.com/cdn-ecommerce/store_01KN06ASZGYJV6M41ASZJ5XQ08/assets/4dc570e3-71b8-49dc-a4a0-e76f4ae67141.jpg,Marias & Tal
317037-vestido-maria-virginia,317037  -  VESTIDO MARIA VIRGINIA,Sobre essa peça: Composição: 100% VISCOSE Descrição: Vestido listras em tecido levinho e fluido pala em lastex e alças com amarração.,in stock,new,255.00 BRL,https://mariasetal.com/317037-vestido-maria-virginia,https://cdn.zyrosite.com/cdn-ecommerce/store_01KN06ASZGYJV6M41ASZJ5XQ08/assets/ca5fe59f-11b4-4787-a88b-0bc883625324.png,Marias & Tal
317038-camisa-maria-serena,317038 - CAMISA MARIA SERENA,Sobre essa peça: Composição: 100% algodão. Descrição Camisa manga longa em puro algodão com bordado peixinhos marinho nos punhos e abotoamento.,in stock,new,390.00 BRL,https://mariasetal.com/317038-camisa-maria-serena,https://cdn.zyrosite.com/cdn-ecommerce/store_01KN06ASZGYJV6M41ASZJ5XQ08/assets/b79b82db-cfd7-4018-aeec-7a4edfd28bfd.png,Marias & Tal
317039-bermuda-maria-zilda-,317039 - BERMUDA MARIA ZILDA ,Sobre essa peça: Composição: 100% algodão. Descrição,in stock,new,318.00 BRL,https://mariasetal.com/317039-bermuda-maria-zilda-,https://cdn.zyrosite.com/cdn-ecommerce/store_01KN06ASZGYJV6M41ASZJ5XQ08/assets/20596c93-0099-41c7-8ef3-229b33a5d8c1.jpg,Marias & Tal
317043-vestido-isabelita,317114  - VESTIDO LINDA MARIA,"Sobre essa peça: Composição: 100% algodão. Descrição: Vestido longo com alcinhas em tecido, algodão xadrez fio tinto detalhes em listras bem fininhas.",in stock,new,237.00 BRL,https://mariasetal.com/317043-vestido-isabelita,https://cdn.zyrosite.com/cdn-ecommerce/store_01KN06ASZGYJV6M41ASZJ5XQ08/assets/7f36864d-9975-4e0b-8c3d-086ecd7bc603.jpg,Marias & Tal
317043-vestido-isabelita-a313,317043 - VESTIDO ISABELITA,Vestido 100% algodão longo com as alças finas,in stock,new,423.00 BRL,https://mariasetal.com/317043-vestido-isabelita-a313,https://cdn.zyrosite.com/cdn-ecommerce/store_01KN06ASZGYJV6M41ASZJ5XQ08/assets/029f1005-3f47-4af5-afdf-c482286abdf2.jpg,Marias & Tal
317043-vestido-isabella-,317056 - VESTIDO ISABELLA,Sobre essa peça: Composição: 100% algodão. Descrição: Vestido longo em algodão com bordados flores e rendas.,out of stock,new,447.00 BRL,https://mariasetal.com/317043-vestido-isabella-,https://cdn.zyrosite.com/cdn-ecommerce/store_01KN06ASZGYJV6M41ASZJ5XQ08/assets/bd16ee12-0036-446b-af2b-ac5e1eda1933.png,Marias & Tal
317044-calca-maria-patricia,317044  - 	CALÇA MARIA PATRICIA,Sobre essa peça: Composição: 100% algodão. Descrição: calça pantalona cambraia de algodão bordado e acabamento em festone na barra.,in stock,new,327.00 BRL,https://mariasetal.com/317044-calca-maria-patricia,https://cdn.zyrosite.com/cdn-ecommerce/store_01KN06ASZGYJV6M41ASZJ5XQ08/assets/c109cc17-e533-4cf6-b0e5-71426ae478aa.jpg,Marias & Tal
317046-short-maria-valeria-,317045 - CAMISA MARIA ZARA ,Sobre essa peça: Composição: 100% algodão. Descrição: Short em cambraia de algodão bordado com amarração e acabamento com testoni na barra.,in stock,new,241.00 BRL,https://mariasetal.com/317046-short-maria-valeria-,https://cdn.zyrosite.com/cdn-ecommerce/store_01KN06ASZGYJV6M41ASZJ5XQ08/assets/bf34fdba-f650-4ab0-864b-1bd4c982ec71.jpg,Marias & Tal
317046-short-maria-valeria-1,317046  -	SHORT MARIA VALERIA,Sobre essa peça: Composição: 100% algodão. Descrição: Short em cambraia de algodão bordado e acabamento em festone na barra.,in stock,new,222.00 BRL,https://mariasetal.com/317046-short-maria-valeria-1,https://cdn.zyrosite.com/cdn-ecommerce/store_01KN06ASZGYJV6M41ASZJ5XQ08/assets/46a2cf5d-bba0-4248-9d5a-6a03cdccb185.png,Marias & Tal
317057-camisa-maisa-,317057 - CAMISA MAÍSA,Sobre essa peça: Composição: 100% algodão. Descrição: Camisa em algodão listradinho com bordados e rendas.,in stock,new,396.00 BRL,https://mariasetal.com/317057-camisa-maisa-,https://cdn.zyrosite.com/cdn-ecommerce/store_01KN06ASZGYJV6M41ASZJ5XQ08/assets/974bbc3f-4d13-41f6-a65f-60802c647362.png,Marias & Tal
317059-blusa-evelyn1,317059 - BLUSA  EVELYN,Sobre essa peça: Composição: 100% Viscose Descrição: Blusa sem mangas com amarração na cintura em tecido leve com estampa bicolor.,in stock,new,281.00 BRL,https://mariasetal.com/317059-blusa-evelyn1,https://cdn.zyrosite.com/cdn-ecommerce/store_01KN06ASZGYJV6M41ASZJ5XQ08/assets/3d03c8c2-058e-4034-9a34-6ebe326bc98b.jpg,Marias & Tal
317060-calca-dinah1,317060 - CALÇA DINAH,Sobre essa peça: Composição: 100% VISCOSE Descrição: Calça com elástico na cintura super confortável em tecido leve com estampa bicolor.,in stock,new,318.00 BRL,https://mariasetal.com/317060-calca-dinah1,https://cdn.zyrosite.com/cdn-ecommerce/store_01KN06ASZGYJV6M41ASZJ5XQ08/assets/9eebcd20-782c-46b9-bce3-cb8795b37966.jpg,Marias & Tal
317061-kaftan-alika,317061 - KAFTAN ALIKA,100% VISCOSE,in stock,new,387.00 BRL,https://mariasetal.com/317061-kaftan-alika,https://cdn.zyrosite.com/cdn-ecommerce/store_01KN06ASZGYJV6M41ASZJ5XQ08/assets/fd8add2c-bec1-4acf-b69b-1c6d15b9fa1f.png,Marias & Tal
317064-chemise-andrea-,317064 - CHEMISE ANDREA,"Sobre essa peça: Composição: 100% algodão. Descrição: Chemise em puro algodão listras, com manga longa abotoamento frontal bordado no bolso e botões exclusivos em listras navy.",in stock,new,468.00 BRL,https://mariasetal.com/317064-chemise-andrea-,https://cdn.zyrosite.com/cdn-ecommerce/store_01KN06ASZGYJV6M41ASZJ5XQ08/assets/e2c3582b-7965-4982-a6f1-ac4c2df46c7d.png,Marias & Tal
317067-camisa-muriel,317067 - CAMISA MURIEL,"Sobre essa peça: Composição: 100% algodão Descrição Camisa manga longa em algodão listras fio tinto com bolso bordado âncora e rendinha,",in stock,new,336.00 BRL,https://mariasetal.com/317067-camisa-muriel,https://cdn.zyrosite.com/cdn-ecommerce/store_01KN06ASZGYJV6M41ASZJ5XQ08/assets/856c7b90-b128-407c-ba3b-7b30250e1ead.png,Marias & Tal
317068-vestido-lais,317068   -   VESTIDO LAIS,Sobre essa peça: Composição: 100% VISCOSE Descrição: Vestido t-shirt listras em tecido leve com bolso aplicado em croche.,out of stock,new,270.00 BRL,https://mariasetal.com/317068-vestido-lais,https://cdn.zyrosite.com/cdn-ecommerce/store_01KN06ASZGYJV6M41ASZJ5XQ08/assets/fabe924b-5eb5-4d47-8841-1012b2a47252.png,Marias & Tal
317069-chemise-ayla-,317069 - CHEMISE AYLA ,Sobre essa peça: Composição: 100% ALGODÃO,in stock,new,441.00 BRL,https://mariasetal.com/317069-chemise-ayla-,https://cdn.zyrosite.com/cdn-ecommerce/store_01KN06ASZGYJV6M41ASZJ5XQ08/assets/fe826414-ac00-45ec-89e3-a541d8b00298.png,Marias & Tal
317070-vestido-lilia-,317070 - VESTIDO LILIA,Sobre essa peça: Composição: 100% ALGODÃO,in stock,new,543.00 BRL,https://mariasetal.com/317070-vestido-lilia-,https://cdn.zyrosite.com/cdn-ecommerce/store_01KN06ASZGYJV6M41ASZJ5XQ08/assets/e63daed9-10f8-4248-8da5-e79e4025b18b.png,Marias & Tal
317071-camisa-deise,317071 -  CAMISA DEISE,Sobre essa peça: Composição: 100% ALGODÃO Descrição: Camisa manga curta bolsos bordados e gola com pontinhos feitos manualmente em algodão estampado com uma leve textura.,in stock,new,300.00 BRL,https://mariasetal.com/317071-camisa-deise,https://cdn.zyrosite.com/cdn-ecommerce/store_01KN06ASZGYJV6M41ASZJ5XQ08/assets/9003f873-35a7-4dfb-8dfd-cee11447e32a.png,Marias & Tal
317072-bermuda-maia,317072 - BERMUDA MAIA,"Sobre essa peça: Composição: 100% ALGODÃO Descrição: Bermuda em algodão estampado com uma leve textura, elástico na cintura e pontinhos feitos manualmente nos bolsos.",in stock,new,252.00 BRL,https://mariasetal.com/317072-bermuda-maia,https://cdn.zyrosite.com/cdn-ecommerce/store_01KN06ASZGYJV6M41ASZJ5XQ08/assets/3f4735d1-9e89-4e6e-8cb5-b3812fd05e19.png,Marias & Tal
317073-bermuda-mel,317073	-   BERMUDA MEL,Sobre essa peça: Composição: 100% algodão Descrição: Bermuda em linho com elástico na cintura e botão de madeira.,in stock,new,249.00 BRL,https://mariasetal.com/317073-bermuda-mel,https://cdn.zyrosite.com/cdn-ecommerce/store_01KN06ASZGYJV6M41ASZJ5XQ08/assets/613b5713-d58b-4899-b763-36679883d596.png,Marias & Tal
317073-bermuda-mel-1,317066 -  BERMUDA ONDINA,Sobre essa peça: Composição: linho. Descrição: Bermuda linho elástico na cintura com bolsos traseiros chapados e botão madeira no cós.,in stock,new,246.00 BRL,https://mariasetal.com/317073-bermuda-mel-1,https://cdn.zyrosite.com/cdn-ecommerce/store_01KN06ASZGYJV6M41ASZJ5XQ08/assets/1b47ba32-503f-48c7-938e-657d66d5e3e8.png,Marias & Tal
317074-calca-amora-,317074 - CALÇA AMORA,Sobre essa peça: Composição: linho. Descrição: Calça linho alfaiataria com bolsos traseiros embutidos.,in stock,new,366.00 BRL,https://mariasetal.com/317074-calca-amora-,https://cdn.zyrosite.com/cdn-ecommerce/store_01KN06ASZGYJV6M41ASZJ5XQ08/assets/9524690c-932a-43ac-bd15-1d7ca5c5eed3.png,Marias & Tal
317075-vestido-lorena,317075 - VESTIDO LORENA,100% ALGODÃO,in stock,new,462.00 BRL,https://mariasetal.com/317075-vestido-lorena,https://cdn.zyrosite.com/cdn-ecommerce/store_01KN06ASZGYJV6M41ASZJ5XQ08/assets/a21bb989-2e21-4eec-80fb-7697f3501be3.png,Marias & Tal
317080-camisa-nalu-,317080 - CAMISA NALU ,Sobre essa peça: Composição: 100% ALGODÃO,in stock,new,447.00 BRL,https://mariasetal.com/317080-camisa-nalu-,https://cdn.zyrosite.com/cdn-ecommerce/store_01KN06ASZGYJV6M41ASZJ5XQ08/assets/e8b304f5-76f5-4dc5-8d5f-268980d1ff2f.png,Marias & Tal
317085-camisa-agatha,317085 - CAMISA AGATHA,Camisa 100% algodão com aplicações de abacaxis.,in stock,new,393.00 BRL,https://mariasetal.com/317085-camisa-agatha,https://cdn.zyrosite.com/cdn-ecommerce/store_01KN06ASZGYJV6M41ASZJ5XQ08/assets/e7cab335-f1a4-449a-bd24-0ebedc26a275.jpg,Marias & Tal
317124-bermuda-lina-maria,317105 - BERMUDA MARIA LUCIA,Bermuda em fio tinto xadrez,in stock,new,255.00 BRL,https://mariasetal.com/317124-bermuda-lina-maria,https://cdn.zyrosite.com/cdn-ecommerce/store_01KN06ASZGYJV6M41ASZJ5XQ08/assets/46c296b5-dd7e-4720-89b9-af9ada3c9d55.jpg,Marias & Tal
317129-blusa-isabel-maria,317129 - BLUSA ISABEL MARIA,Blusa de alça com amarração,in stock,new,93.00 BRL,https://mariasetal.com/317129-blusa-isabel-maria,https://cdn.zyrosite.com/cdn-ecommerce/store_01KN06ASZGYJV6M41ASZJ5XQ08/assets/ccaefabe-75f4-4225-a670-495b00e5a12c.jpg,Marias & Tal
317132-blusa-maria-olivia,317132 - BLUSA MARIA OLIVIA,Regata com detalhes na lateral,in stock,new,141.00 BRL,https://mariasetal.com/317132-blusa-maria-olivia,https://cdn.zyrosite.com/cdn-ecommerce/store_01KN06ASZGYJV6M41ASZJ5XQ08/assets/48815e4b-93ff-4cc8-ab60-9ba4755814c8.jpg,Marias & Tal
317150-chemise-maria-ilda,317150  -  CHEMISE MARIA ILDA,Sobre essa peça: Composição: 100% Algodão Descrição: Chemise em tecido de algodão gola padre com detalhe em rendas artesanais e cinto em croche.,in stock,new,494.00 BRL,https://mariasetal.com/317150-chemise-maria-ilda,https://cdn.zyrosite.com/cdn-ecommerce/store_01KN06ASZGYJV6M41ASZJ5XQ08/assets/3f57ca54-30ca-4da9-a7f2-9d4eee02b4e5.png,Marias & Tal
317168-vestido-rosa-maria,317168 - VESTIDO ROSA MARIA,"Sobre essa peça: Composição: 100% algodão. Descrição: Vestido curto com alcinhas em tecido, algodão com margaridas bordadas.",in stock,new,254.60 BRL,https://mariasetal.com/317168-vestido-rosa-maria,https://cdn.zyrosite.com/cdn-ecommerce/store_01KN06ASZGYJV6M41ASZJ5XQ08/assets/d5c62def-6733-40a0-9c62-482252bf2525.jpg,Marias & Tal
317187-top-maria-rafaela,317187 - TOP MARIA RAFAELA,Sobre essa peça: Composição: 100% algodão Descrição: TOP EM ALGODÃO ACETINADO TODO BORDADO EM LINHA DE ALGODÃO,in stock,new,93.00 BRL,https://mariasetal.com/317187-top-maria-rafaela,https://cdn.zyrosite.com/cdn-ecommerce/store_01KN06ASZGYJV6M41ASZJ5XQ08/assets/6352d73e-32e0-4fa5-94d5-d66d40b44951.png,Marias & Tal
